"ARMY PUBLIC SCHOOL ITARANA, ALWAR",,,,,,,,,,,,,,,,,,,,,,,,,,
"
Ser No",Class,Cat,FEES STRUCTURE FOR  (2024-25) WEF 01 APR 2025,,,,,,,,,,,,,,,,,,,,Old Adm Fee for Q1,New Adm Fee for Q1,Total Annual Fee for Old Students,Total Annual Fee for New Students
,,,One Time Fees (at the time of New Adm),,,Total,Annual Charges (One time fees for a Academic Year),,,,,,,,Total,Monthly Fees,,,,,Total,Qtly Fee (03 x Monthly Fee),,,,
,,,(a),(b),(c) ,,(d),(e),(f),(g),(h),,(j),(k),,(l),(m),(n),(o),(p),,,,,,
,,,Reg Fee,"Adm.
Fee","Security
Deposit",,Library fee,Building fee,Examination fee,Sports fee,Play Way fee,Digicamp Fees,Devlop Fee,AWES Gp Insurance fee,,"Tution
fee","Pupil
fee","Comp.
fee Incl Smat Class","Science
Fee",Conv. Fee,,,,,,
1,Nur to UKG,OR,500.00 ,600.00 ,3000.00 ,4100.00,336.00,552.00,204.00,204.00,504.00,165.00,500.00,135.00,2600.00,1695.00,540.00,300.00,0.00,0.00,2535.00,7605.00,10205.00,14305.00,33020.00,37120.00
2,1 to 5,OR,500.00,600.00,3000.00,4100.00,345.00,345.00,458.00,345.00,500.00,165.00,550.00,135.00,2843.00,1795.00,448.00,387.00,0.00,0.00,2630.00,7890.00,10733.00,14833.00,34403.00,38503.00
3,6 to 8,OR,500.00,600.00,3000.00,4100.00,528.00,630.00,458.00,492.00,0.00,165.00,550.00,135.00,2958.00,2161.00,448.00,387.00,0.00,0.00,2996.00,8988.00,11946.00,16046.00,38910.00,43010.00
4,9 to 10,OR,500.00,600.00,3000.00,4100.00,528.00,630.00,458.00,492.00,0.00,165.00,550.00,135.00,2958.00,2161.00,448.00,387.00,154.00,0.00,3150.00,9450.00,12408.00,16508.00,40758.00,44858.00
5,11 to 12 SCI,OR,500.00,600.00,3000.00,4100.00,528.00,630.00,458.00,492.00,0.00,165.00,550.00,135.00,2958.00,2524.00,448.00,387.00,220.00,0.00,3579.00,10737.00,13695.00,17795.00,45906.00,50006.00
6,11 to 12 H & C,OR,500.00,600.00,3000.00,4100.00,528.00,630.00,458.00,492.00,0.00,165.00,550.00,135.00,2958.00,2524.00,448.00,387.00,0.00,0.00,3359.00,10077.00,13035.00,17135.00,43266.00,47366.00
,,,,,,,,,,,,,,,,,,,,,,,,,,
7,Nur to UKG,JCO,500.00,1050.00,4000.00,5550.00,336.00,600.00,204.00,204.00,504.00,165.00,500.00,135.00,2648.00,1704.00,540.00,300.00,0.00,0.00,2544.00,7632.00,10280.00,15830.00,33176.00,38726.00
8,1 to 5,JCO,500.00,1050.00,4000.00,5550.00,611.00,800.00,480.00,624.00,561.00,165.00,550.00,135.00,3926.00,2161.00,448.00,404.00,0.00,0.00,3013.00,9039.00,12965.00,18515.00,40082.00,45632.00
9,6 to 8,JCO,500.00,1050.00,4000.00,5550.00,611.00,800.00,480.00,624.00,0.00,165.00,550.00,135.00,3365.00,2524.00,448.00,404.00,0.00,0.00,3376.00,10128.00,13493.00,19043.00,43877.00,49427.00
10,9 to 10,JCO,500.00,1050.00,4000.00,5550.00,611.00,800.00,480.00,624.00,0.00,165.00,550.00,135.00,3365.00,2524.00,448.00,404.00,160.00,0.00,3536.00,10608.00,13973.00,19523.00,45797.00,51347.00
11,11 to 12 SCI,JCO,500.00,1050.00,4000.00,5550.00,611.00,800.00,480.00,624.00,0.00,165.00,550.00,135.00,3365.00,2741.00,576.00,404.00,220.00,0.00,3941.00,11823.00,15188.00,20738.00,50657.00,56207.00
12,11 to 12 H & C,JCO,500.00,1050.00,4000.00,5550.00,611.00,800.00,480.00,624.00,0.00,165.00,550.00,135.00,3365.00,2741.00,576.00,404.00,0.00,0.00,3721.00,11163.00,14528.00,20078.00,48017.00,53567.00
,,,,,,,,,,,,,,,,,,,,,,,,,,
13,Nur to UKG,OFFRS,500.00,2100.00,6000.00,8600.00,336.00,624.00,204.00,204.00,540.00,165.00,500.00,135.00,2708.00,1711.00,540.00,300.00,0.00,0.00,2551.00,7653.00,10361.00,18961.00,33320.00,41920.00
14,1 to 5,OFFRS,500.00,2100.00,6000.00,8600.00,733.00,1008.00,480.00,742.00,691.00,165.00,550.00,135.00,4504.00,2524.00,448.00,404.00,0.00,0.00,3376.00,10128.00,14632.00,23232.00,45016.00,53616.00
15,6 to 8,OFFRS,500.00,2100.00,6000.00,8600.00,733.00,1008.00,480.00,742.00,0.00,165.00,550.00,135.00,3813.00,2741.00,576.00,404.00,0.00,0.00,3721.00,11163.00,14976.00,23576.00,48465.00,57065.00
16,9 to 10,OFFRS,500.00,2100.00,6000.00,8600.00,733.00,1008.00,480.00,742.00,0.00,165.00,550.00,135.00,3813.00,2741.00,576.00,404.00,160.00,0.00,3881.00,11643.00,15456.00,24056.00,50385.00,58985.00
17,11 to 12 SCI,OFFRS,500.00,2100.00,6000.00,8600.00,733.00,1008.00,480.00,742.00,0.00,165.00,550.00,135.00,3813.00,3122.00,576.00,404.00,220.00,0.00,4322.00,12966.00,16779.00,25379.00,55677.00,64277.00
18,11 to 12 H & C,OFFRS,500.00,2100.00,6000.00,8600.00,733.00,1008.00,480.00,742.00,0.00,165.00,550.00,135.00,3813.00,3122.00,576.00,404.00,0.00,0.00,4102.00,12306.00,16119.00,24719.00,53037.00,61637.00
,,,,,,,,,,,,,,,,,,,,,,,,,,
19,Nur to UKG,CIVIL,500.00,6000.00,8000.00,14500.00,336.00,1116.00,204.00,504.00,996.00,165.00,500.00,135.00,3956.00,2750.00,564.00,600.00,0.00,0.00,3914.00,11742.00,15698.00,30198.00,50924.00,65424.00
20,1 to 5,CIVIL,500.00,6000.00,8000.00,14500.00,950.00,1608.00,480.00,1144.00,1009.00,165.00,550.00,135.00,6041.00,3112.00,580.00,514.00,0.00,0.00,4206.00,12618.00,18659.00,33159.00,56513.00,71013.00
21,6 to 8,CIVIL,500.00,6000.00,8000.00,14500.00,950.00,1608.00,480.00,1144.00,0.00,165.00,550.00,135.00,5032.00,3284.00,580.00,514.00,0.00,0.00,4378.00,13134.00,18166.00,32666.00,57568.00,72068.00
22,9 to 10,CIVIL,500.00,6000.00,8000.00,14500.00,950.00,1608.00,480.00,1144.00,0.00,165.00,550.00,135.00,5032.00,3464.00,580.00,514.00,220.00,0.00,4778.00,14334.00,19366.00,33866.00,62368.00,76868.00
23,11 to 12 SCI,CIVIL,500.00,6000.00,8000.00,14500.00,950.00,1608.00,480.00,1144.00,0.00,165.00,550.00,135.00,5032.00,3803.00,580.00,514.00,360.00,0.00,5257.00,15771.00,20803.00,35303.00,68116.00,82616.00
24,11 to 12 H & C,CIVIL,500.00,6000.00,8000.00,14500.00,950.00,1608.00,480.00,1144.00,0.00,165.00,550.00,135.00,5032.00,3803.00,580.00,514.00,0.00,0.00,4897.00,14691.00,19723.00,34223.00,63796.00,78296.00